,date,time,value
0,2015-08-07,00:00:00,0.0
1,2015-08-07,00:01:00,0.0
2,2015-08-07,00:02:00,0.0
3,2015-08-07,00:03:00,0.0
4,2015-08-07,00:04:00,0.0
5,2015-08-07,00:05:00,0.0
6,2015-08-07,00:06:00,0.0
7,2015-08-07,00:07:00,0.0
8,2015-08-07,00:08:00,0.0
9,2015-08-07,00:09:00,0.0
10,2015-08-07,00:10:00,0.0
11,2015-08-07,00:11:00,0.0
12,2015-08-07,00:12:00,0.0
13,2015-08-07,00:13:00,0.0
14,2015-08-07,00:14:00,0.0
15,2015-08-07,00:15:00,0.0
16,2015-08-07,00:16:00,0.0
17,2015-08-07,00:17:00,0.0
18,2015-08-07,00:18:00,0.0
19,2015-08-07,00:19:00,0.0
20,2015-08-07,00:20:00,0.0
21,2015-08-07,00:21:00,0.0
22,2015-08-07,00:22:00,0.0
23,2015-08-07,00:23:00,0.0
24,2015-08-07,00:24:00,0.0
25,2015-08-07,00:25:00,0.0
26,2015-08-07,00:26:00,0.0
27,2015-08-07,00:27:00,0.0
28,2015-08-07,00:28:00,0.0
29,2015-08-07,00:29:00,0.0
30,2015-08-07,00:30:00,0.0
31,2015-08-07,00:31:00,0.0
32,2015-08-07,00:32:00,0.0
33,2015-08-07,00:33:00,0.0
34,2015-08-07,00:34:00,0.0
35,2015-08-07,00:35:00,0.0
36,2015-08-07,00:36:00,0.0
37,2015-08-07,00:37:00,0.0
38,2015-08-07,00:38:00,0.0
39,2015-08-07,00:39:00,0.0
40,2015-08-07,00:40:00,0.0
41,2015-08-07,00:41:00,0.0
42,2015-08-07,00:42:00,0.0
43,2015-08-07,00:43:00,0.0
44,2015-08-07,00:44:00,0.0
45,2015-08-07,00:45:00,0.0
46,2015-08-07,00:46:00,0.0
47,2015-08-07,00:47:00,0.0
48,2015-08-07,00:48:00,0.0
49,2015-08-07,00:49:00,0.0
50,2015-08-07,00:50:00,0.0
51,2015-08-07,00:51:00,0.0
52,2015-08-07,00:52:00,0.0
53,2015-08-07,00:53:00,0.0
54,2015-08-07,00:54:00,0.0
55,2015-08-07,00:55:00,0.0
56,2015-08-07,00:56:00,0.0
57,2015-08-07,00:57:00,0.0
58,2015-08-07,00:58:00,0.0
59,2015-08-07,00:59:00,0.0
60,2015-08-07,01:00:00,0.0
61,2015-08-07,01:01:00,0.0
62,2015-08-07,01:02:00,0.0
63,2015-08-07,01:03:00,0.0
64,2015-08-07,01:04:00,0.0
65,2015-08-07,01:05:00,0.0
66,2015-08-07,01:06:00,0.0
67,2015-08-07,01:07:00,0.0
68,2015-08-07,01:08:00,0.0
69,2015-08-07,01:09:00,0.0
70,2015-08-07,01:10:00,0.0
71,2015-08-07,01:11:00,0.0
72,2015-08-07,01:12:00,0.0
73,2015-08-07,01:13:00,0.0
74,2015-08-07,01:14:00,0.0
75,2015-08-07,01:15:00,0.0
76,2015-08-07,01:16:00,0.0
77,2015-08-07,01:17:00,0.0
78,2015-08-07,01:18:00,0.0
79,2015-08-07,01:19:00,0.0
80,2015-08-07,01:20:00,0.0
81,2015-08-07,01:21:00,0.0
82,2015-08-07,01:22:00,0.0
83,2015-08-07,01:23:00,0.0
84,2015-08-07,01:24:00,0.0
85,2015-08-07,01:25:00,0.0
86,2015-08-07,01:26:00,0.0
87,2015-08-07,01:27:00,0.0
88,2015-08-07,01:28:00,0.0
89,2015-08-07,01:29:00,0.0
90,2015-08-07,01:30:00,0.0
91,2015-08-07,01:31:00,0.0
92,2015-08-07,01:32:00,0.0
93,2015-08-07,01:33:00,0.0
94,2015-08-07,01:34:00,0.0
95,2015-08-07,01:35:00,0.0
96,2015-08-07,01:36:00,0.0
97,2015-08-07,01:37:00,0.0
98,2015-08-07,01:38:00,0.0
99,2015-08-07,01:39:00,0.0
100,2015-08-07,01:40:00,0.0
101,2015-08-07,01:41:00,0.0
102,2015-08-07,01:42:00,0.0
103,2015-08-07,01:43:00,0.0
104,2015-08-07,01:44:00,0.0
105,2015-08-07,01:45:00,0.0
106,2015-08-07,01:46:00,0.0
107,2015-08-07,01:47:00,0.0
108,2015-08-07,01:48:00,0.0
109,2015-08-07,01:49:00,0.0
110,2015-08-07,01:50:00,0.0
111,2015-08-07,01:51:00,0.0
112,2015-08-07,01:52:00,0.0
113,2015-08-07,01:53:00,0.0
114,2015-08-07,01:54:00,0.0
115,2015-08-07,01:55:00,0.0
116,2015-08-07,01:56:00,0.0
117,2015-08-07,01:57:00,0.0
118,2015-08-07,01:58:00,0.0
119,2015-08-07,01:59:00,0.0
120,2015-08-07,02:00:00,0.0
121,2015-08-07,02:01:00,0.0
122,2015-08-07,02:02:00,0.0
123,2015-08-07,02:03:00,0.0
124,2015-08-07,02:04:00,0.0
125,2015-08-07,02:05:00,0.0
126,2015-08-07,02:06:00,0.0
127,2015-08-07,02:07:00,0.0
128,2015-08-07,02:08:00,0.0
129,2015-08-07,02:09:00,0.0
130,2015-08-07,02:10:00,0.0
131,2015-08-07,02:11:00,0.0
132,2015-08-07,02:12:00,0.0
133,2015-08-07,02:13:00,0.0
134,2015-08-07,02:14:00,0.0
135,2015-08-07,02:15:00,0.0
136,2015-08-07,02:16:00,0.0
137,2015-08-07,02:17:00,0.0
138,2015-08-07,02:18:00,0.0
139,2015-08-07,02:19:00,0.0
140,2015-08-07,02:20:00,0.0
141,2015-08-07,02:21:00,0.0
142,2015-08-07,02:22:00,0.0
143,2015-08-07,02:23:00,0.0
144,2015-08-07,02:24:00,0.0
145,2015-08-07,02:25:00,0.0
146,2015-08-07,02:26:00,0.0
147,2015-08-07,02:27:00,0.0
148,2015-08-07,02:28:00,0.0
149,2015-08-07,02:29:00,0.0
150,2015-08-07,02:30:00,0.0
151,2015-08-07,02:31:00,0.0
152,2015-08-07,02:32:00,0.0
153,2015-08-07,02:33:00,0.0
154,2015-08-07,02:34:00,0.0
155,2015-08-07,02:35:00,0.0
156,2015-08-07,02:36:00,0.0
157,2015-08-07,02:37:00,0.0
158,2015-08-07,02:38:00,0.0
159,2015-08-07,02:39:00,0.0
160,2015-08-07,02:40:00,0.0
161,2015-08-07,02:41:00,0.0
162,2015-08-07,02:42:00,0.0
163,2015-08-07,02:43:00,0.0
164,2015-08-07,02:44:00,0.0
165,2015-08-07,02:45:00,0.0
166,2015-08-07,02:46:00,0.0
167,2015-08-07,02:47:00,0.0
168,2015-08-07,02:48:00,0.0
169,2015-08-07,02:49:00,0.0
170,2015-08-07,02:50:00,0.0
171,2015-08-07,02:51:00,0.0
172,2015-08-07,02:52:00,0.0
173,2015-08-07,02:53:00,0.0
174,2015-08-07,02:54:00,0.0
175,2015-08-07,02:55:00,0.0
176,2015-08-07,02:56:00,0.0
177,2015-08-07,02:57:00,0.0
178,2015-08-07,02:58:00,0.0
179,2015-08-07,02:59:00,0.0
180,2015-08-07,03:00:00,0.0
181,2015-08-07,03:01:00,0.0
182,2015-08-07,03:02:00,0.0
183,2015-08-07,03:03:00,0.0
184,2015-08-07,03:04:00,0.0
185,2015-08-07,03:05:00,0.0
186,2015-08-07,03:06:00,0.0
187,2015-08-07,03:07:00,0.0
188,2015-08-07,03:08:00,0.0
189,2015-08-07,03:09:00,0.0
190,2015-08-07,03:10:00,0.0
191,2015-08-07,03:11:00,0.0
192,2015-08-07,03:12:00,0.0
193,2015-08-07,03:13:00,0.0
194,2015-08-07,03:14:00,0.0
195,2015-08-07,03:15:00,0.0
196,2015-08-07,03:16:00,0.0
197,2015-08-07,03:17:00,0.0
198,2015-08-07,03:18:00,0.0
199,2015-08-07,03:19:00,0.0
200,2015-08-07,03:20:00,0.0
201,2015-08-07,03:21:00,0.0
202,2015-08-07,03:22:00,0.0
203,2015-08-07,03:23:00,0.0
204,2015-08-07,03:24:00,0.0
205,2015-08-07,03:25:00,0.0
206,2015-08-07,03:26:00,0.0
207,2015-08-07,03:27:00,0.0
208,2015-08-07,03:28:00,0.0
209,2015-08-07,03:29:00,0.0
210,2015-08-07,03:30:00,0.0
211,2015-08-07,03:31:00,0.0
212,2015-08-07,03:32:00,0.0
213,2015-08-07,03:33:00,0.0
214,2015-08-07,03:34:00,0.0
215,2015-08-07,03:35:00,0.0
216,2015-08-07,03:36:00,0.0
217,2015-08-07,03:37:00,0.0
218,2015-08-07,03:38:00,0.0
219,2015-08-07,03:39:00,0.0
220,2015-08-07,03:40:00,0.0
221,2015-08-07,03:41:00,0.0
222,2015-08-07,03:42:00,0.0
223,2015-08-07,03:43:00,0.0
224,2015-08-07,03:44:00,0.0
225,2015-08-07,03:45:00,0.0
226,2015-08-07,03:46:00,0.0
227,2015-08-07,03:47:00,0.0
228,2015-08-07,03:48:00,0.0
229,2015-08-07,03:49:00,0.0
230,2015-08-07,03:50:00,0.0
231,2015-08-07,03:51:00,0.0
232,2015-08-07,03:52:00,0.0
233,2015-08-07,03:53:00,0.0
234,2015-08-07,03:54:00,0.0
235,2015-08-07,03:55:00,0.0
236,2015-08-07,03:56:00,0.0
237,2015-08-07,03:57:00,0.0
238,2015-08-07,03:58:00,0.0
239,2015-08-07,03:59:00,0.0
240,2015-08-07,04:00:00,0.0
241,2015-08-07,04:01:00,0.0
242,2015-08-07,04:02:00,0.0
243,2015-08-07,04:03:00,0.0
244,2015-08-07,04:04:00,0.0
245,2015-08-07,04:05:00,0.0
246,2015-08-07,04:06:00,0.0
247,2015-08-07,04:07:00,0.0
248,2015-08-07,04:08:00,0.0
249,2015-08-07,04:09:00,0.0
250,2015-08-07,04:10:00,0.0
251,2015-08-07,04:11:00,0.0
252,2015-08-07,04:12:00,0.0
253,2015-08-07,04:13:00,0.0
254,2015-08-07,04:14:00,0.0
255,2015-08-07,04:15:00,0.0
256,2015-08-07,04:16:00,0.0
257,2015-08-07,04:17:00,0.0
258,2015-08-07,04:18:00,0.0
259,2015-08-07,04:19:00,0.0
260,2015-08-07,04:20:00,0.0
261,2015-08-07,04:21:00,0.0
262,2015-08-07,04:22:00,0.0
263,2015-08-07,04:23:00,0.0
264,2015-08-07,04:24:00,0.0
265,2015-08-07,04:25:00,0.0
266,2015-08-07,04:26:00,0.0
267,2015-08-07,04:27:00,0.0
268,2015-08-07,04:28:00,0.0
269,2015-08-07,04:29:00,0.0
270,2015-08-07,04:30:00,0.0
271,2015-08-07,04:31:00,0.0
272,2015-08-07,04:32:00,0.0
273,2015-08-07,04:33:00,0.0
274,2015-08-07,04:34:00,0.0
275,2015-08-07,04:35:00,0.0
276,2015-08-07,04:36:00,0.0
277,2015-08-07,04:37:00,0.0
278,2015-08-07,04:38:00,0.0
279,2015-08-07,04:39:00,0.0
280,2015-08-07,04:40:00,0.0
281,2015-08-07,04:41:00,0.0
282,2015-08-07,04:42:00,0.0
283,2015-08-07,04:43:00,0.0
284,2015-08-07,04:44:00,0.0
285,2015-08-07,04:45:00,0.0
286,2015-08-07,04:46:00,0.0
287,2015-08-07,04:47:00,0.0
288,2015-08-07,04:48:00,0.0
289,2015-08-07,04:49:00,0.0
290,2015-08-07,04:50:00,0.0
291,2015-08-07,04:51:00,0.0
292,2015-08-07,04:52:00,0.0
293,2015-08-07,04:53:00,0.0
294,2015-08-07,04:54:00,0.0
295,2015-08-07,04:55:00,0.0
296,2015-08-07,04:56:00,0.0
297,2015-08-07,04:57:00,0.0
298,2015-08-07,04:58:00,0.0
299,2015-08-07,04:59:00,0.0
300,2015-08-07,05:00:00,0.0
301,2015-08-07,05:01:00,0.0
302,2015-08-07,05:02:00,0.0
303,2015-08-07,05:03:00,0.0
304,2015-08-07,05:04:00,0.0
305,2015-08-07,05:05:00,0.0
306,2015-08-07,05:06:00,0.0
307,2015-08-07,05:07:00,0.0
308,2015-08-07,05:08:00,0.0
309,2015-08-07,05:09:00,0.0
310,2015-08-07,05:10:00,0.0
311,2015-08-07,05:11:00,0.0
312,2015-08-07,05:12:00,0.0
313,2015-08-07,05:13:00,0.0
314,2015-08-07,05:14:00,0.0
315,2015-08-07,05:15:00,0.0
316,2015-08-07,05:16:00,0.0
317,2015-08-07,05:17:00,0.0
318,2015-08-07,05:18:00,0.0
319,2015-08-07,05:19:00,0.0
320,2015-08-07,05:20:00,0.0
321,2015-08-07,05:21:00,0.0
322,2015-08-07,05:22:00,0.0
323,2015-08-07,05:23:00,0.0
324,2015-08-07,05:24:00,0.0
325,2015-08-07,05:25:00,0.0
326,2015-08-07,05:26:00,0.0
327,2015-08-07,05:27:00,0.0
328,2015-08-07,05:28:00,0.0
329,2015-08-07,05:29:00,0.0
330,2015-08-07,05:30:00,0.0
331,2015-08-07,05:31:00,0.0
332,2015-08-07,05:32:00,0.0
333,2015-08-07,05:33:00,0.0
334,2015-08-07,05:34:00,0.0
335,2015-08-07,05:35:00,0.0
336,2015-08-07,05:36:00,0.0
337,2015-08-07,05:37:00,0.0
338,2015-08-07,05:38:00,0.0
339,2015-08-07,05:39:00,0.0
340,2015-08-07,05:40:00,0.0
341,2015-08-07,05:41:00,0.0
342,2015-08-07,05:42:00,0.0
343,2015-08-07,05:43:00,0.0
344,2015-08-07,05:44:00,0.0
345,2015-08-07,05:45:00,0.0
346,2015-08-07,05:46:00,0.0
347,2015-08-07,05:47:00,0.0
348,2015-08-07,05:48:00,0.0
349,2015-08-07,05:49:00,0.0
350,2015-08-07,05:50:00,0.0
351,2015-08-07,05:51:00,0.0
352,2015-08-07,05:52:00,0.0
353,2015-08-07,05:53:00,0.0
354,2015-08-07,05:54:00,0.0
355,2015-08-07,05:55:00,0.0
356,2015-08-07,05:56:00,0.0
357,2015-08-07,05:57:00,0.0
358,2015-08-07,05:58:00,0.0
359,2015-08-07,05:59:00,0.0
360,2015-08-07,06:00:00,0.0
361,2015-08-07,06:01:00,0.0
362,2015-08-07,06:02:00,0.0
363,2015-08-07,06:03:00,0.0
364,2015-08-07,06:04:00,0.0
365,2015-08-07,06:05:00,0.0
366,2015-08-07,06:06:00,0.0
367,2015-08-07,06:07:00,0.0
368,2015-08-07,06:08:00,0.0
369,2015-08-07,06:09:00,0.0
370,2015-08-07,06:10:00,0.0
371,2015-08-07,06:11:00,0.0
372,2015-08-07,06:12:00,0.0
373,2015-08-07,06:13:00,0.0
374,2015-08-07,06:14:00,0.0
375,2015-08-07,06:15:00,0.0
376,2015-08-07,06:16:00,0.0
377,2015-08-07,06:17:00,0.0
378,2015-08-07,06:18:00,0.0
379,2015-08-07,06:19:00,0.0
380,2015-08-07,06:20:00,0.0
381,2015-08-07,06:21:00,0.0
382,2015-08-07,06:22:00,0.0
383,2015-08-07,06:23:00,0.0
384,2015-08-07,06:24:00,0.0
385,2015-08-07,06:25:00,0.0
386,2015-08-07,06:26:00,0.0
387,2015-08-07,06:27:00,0.0
388,2015-08-07,06:28:00,0.0
389,2015-08-07,06:29:00,0.0
390,2015-08-07,06:30:00,0.0
391,2015-08-07,06:31:00,0.0
392,2015-08-07,06:32:00,0.0
393,2015-08-07,06:33:00,0.0
394,2015-08-07,06:34:00,0.0
395,2015-08-07,06:35:00,0.0
396,2015-08-07,06:36:00,0.0
397,2015-08-07,06:37:00,0.0
398,2015-08-07,06:38:00,0.0
399,2015-08-07,06:39:00,0.0
400,2015-08-07,06:40:00,0.0
401,2015-08-07,06:41:00,0.0
402,2015-08-07,06:42:00,0.0
403,2015-08-07,06:43:00,0.0
404,2015-08-07,06:44:00,0.0
405,2015-08-07,06:45:00,0.0
406,2015-08-07,06:46:00,0.0
407,2015-08-07,06:47:00,0.0
408,2015-08-07,06:48:00,0.0
409,2015-08-07,06:49:00,0.0
410,2015-08-07,06:50:00,0.0
411,2015-08-07,06:51:00,0.0
412,2015-08-07,06:52:00,0.0
413,2015-08-07,06:53:00,0.0
414,2015-08-07,06:54:00,0.0
415,2015-08-07,06:55:00,0.0
416,2015-08-07,06:56:00,0.0
417,2015-08-07,06:57:00,0.0
418,2015-08-07,06:58:00,0.0
419,2015-08-07,06:59:00,0.0
420,2015-08-07,07:00:00,0.0
421,2015-08-07,07:01:00,0.0
422,2015-08-07,07:02:00,0.0
423,2015-08-07,07:03:00,0.0
424,2015-08-07,07:04:00,0.0
425,2015-08-07,07:05:00,0.0
426,2015-08-07,07:06:00,0.0
427,2015-08-07,07:07:00,0.0
428,2015-08-07,07:08:00,0.0
429,2015-08-07,07:09:00,0.0
430,2015-08-07,07:10:00,0.0
431,2015-08-07,07:11:00,0.0
432,2015-08-07,07:12:00,0.0
433,2015-08-07,07:13:00,0.0
434,2015-08-07,07:14:00,0.0
435,2015-08-07,07:15:00,0.0
436,2015-08-07,07:16:00,0.0
437,2015-08-07,07:17:00,0.0
438,2015-08-07,07:18:00,0.0
439,2015-08-07,07:19:00,0.0
440,2015-08-07,07:20:00,0.0
441,2015-08-07,07:21:00,0.0
442,2015-08-07,07:22:00,0.0
443,2015-08-07,07:23:00,0.0
444,2015-08-07,07:24:00,0.0
445,2015-08-07,07:25:00,0.0
446,2015-08-07,07:26:00,0.0
447,2015-08-07,07:27:00,0.0
448,2015-08-07,07:28:00,0.0
449,2015-08-07,07:29:00,0.0
450,2015-08-07,07:30:00,0.0
451,2015-08-07,07:31:00,0.0
452,2015-08-07,07:32:00,0.0
453,2015-08-07,07:33:00,0.0
454,2015-08-07,07:34:00,0.0
455,2015-08-07,07:35:00,0.0
456,2015-08-07,07:36:00,0.0
457,2015-08-07,07:37:00,0.0
458,2015-08-07,07:38:00,0.0
459,2015-08-07,07:39:00,0.0
460,2015-08-07,07:40:00,0.0
461,2015-08-07,07:41:00,0.0
462,2015-08-07,07:42:00,0.0
463,2015-08-07,07:43:00,0.0
464,2015-08-07,07:44:00,0.0
465,2015-08-07,07:45:00,0.0
466,2015-08-07,07:46:00,0.0
467,2015-08-07,07:47:00,0.0
468,2015-08-07,07:48:00,0.0
469,2015-08-07,07:49:00,0.0
470,2015-08-07,07:50:00,0.0
471,2015-08-07,07:51:00,0.0
472,2015-08-07,07:52:00,0.0
473,2015-08-07,07:53:00,0.0
474,2015-08-07,07:54:00,0.0
475,2015-08-07,07:55:00,0.0
476,2015-08-07,07:56:00,0.0
477,2015-08-07,07:57:00,0.0
478,2015-08-07,07:58:00,0.0
479,2015-08-07,07:59:00,0.0
480,2015-08-07,08:00:00,0.0
481,2015-08-07,08:01:00,0.0
482,2015-08-07,08:02:00,0.0
483,2015-08-07,08:03:00,0.0
484,2015-08-07,08:04:00,0.0
485,2015-08-07,08:05:00,0.0
486,2015-08-07,08:06:00,0.0
487,2015-08-07,08:07:00,0.0
488,2015-08-07,08:08:00,0.0
489,2015-08-07,08:09:00,0.0
490,2015-08-07,08:10:00,0.0
491,2015-08-07,08:11:00,0.0
492,2015-08-07,08:12:00,0.0
493,2015-08-07,08:13:00,0.00454843696207
494,2015-08-07,08:14:00,0.0
495,2015-08-07,08:15:00,0.0
496,2015-08-07,08:16:00,0.0049274736084
497,2015-08-07,08:17:00,0.00871783774346
498,2015-08-07,08:18:00,0.00606458261609
499,2015-08-07,08:19:00,0.0106130195782
500,2015-08-07,08:20:00,0.0
501,2015-08-07,08:21:00,0.0
502,2015-08-07,08:22:00,0.0
503,2015-08-07,08:23:00,0.0
504,2015-08-07,08:24:00,0.0
505,2015-08-07,08:25:00,0.0
506,2015-08-07,08:26:00,0.0
507,2015-08-07,08:27:00,0.0
508,2015-08-07,08:28:00,0.0
509,2015-08-07,08:29:00,0.0
510,2015-08-07,08:30:00,0.0
511,2015-08-07,08:31:00,0.0
512,2015-08-07,08:32:00,0.0
513,2015-08-07,08:33:00,0.0
514,2015-08-07,08:34:00,0.0
515,2015-08-07,08:35:00,0.0
516,2015-08-07,08:36:00,0.0
517,2015-08-07,08:37:00,0.0
518,2015-08-07,08:38:00,0.0
519,2015-08-07,08:39:00,0.0
520,2015-08-07,08:40:00,0.0
521,2015-08-07,08:41:00,0.0
522,2015-08-07,08:42:00,0.0
523,2015-08-07,08:43:00,0.0
524,2015-08-07,08:44:00,0.0
525,2015-08-07,08:45:00,0.0
526,2015-08-07,08:46:00,0.0
527,2015-08-07,08:47:00,0.0
528,2015-08-07,08:48:00,0.0
529,2015-08-07,08:49:00,0.0
530,2015-08-07,08:50:00,0.0
531,2015-08-07,08:51:00,0.0
532,2015-08-07,08:52:00,0.0
533,2015-08-07,08:53:00,0.0
534,2015-08-07,08:54:00,0.0
535,2015-08-07,08:55:00,0.0
536,2015-08-07,08:56:00,0.0
537,2015-08-07,08:57:00,0.0
538,2015-08-07,08:58:00,0.0
539,2015-08-07,08:59:00,0.0
540,2015-08-07,09:00:00,0.0
541,2015-08-07,09:01:00,0.0
542,2015-08-07,09:02:00,0.0
543,2015-08-07,09:03:00,0.0
544,2015-08-07,09:04:00,0.0
545,2015-08-07,09:05:00,0.0
546,2015-08-07,09:06:00,0.0
547,2015-08-07,09:07:00,0.0
548,2015-08-07,09:08:00,0.0
549,2015-08-07,09:09:00,0.0
550,2015-08-07,09:10:00,0.0
551,2015-08-07,09:11:00,0.0
552,2015-08-07,09:12:00,0.0
553,2015-08-07,09:13:00,0.0
554,2015-08-07,09:14:00,0.0
555,2015-08-07,09:15:00,0.0
556,2015-08-07,09:16:00,0.0
557,2015-08-07,09:17:00,0.0
558,2015-08-07,09:18:00,0.0
559,2015-08-07,09:19:00,0.0
560,2015-08-07,09:20:00,0.0
561,2015-08-07,09:21:00,0.0
562,2015-08-07,09:22:00,0.0
563,2015-08-07,09:23:00,0.0
564,2015-08-07,09:24:00,0.0
565,2015-08-07,09:25:00,0.00568554643542
566,2015-08-07,09:26:00,0.00682265590876
567,2015-08-07,09:27:00,0.0
568,2015-08-07,09:28:00,0.0
569,2015-08-07,09:29:00,0.0
570,2015-08-07,09:30:00,0.0
571,2015-08-07,09:31:00,0.0
572,2015-08-07,09:32:00,0.0
573,2015-08-07,09:33:00,0.0
574,2015-08-07,09:34:00,0.0
575,2015-08-07,09:35:00,0.0
576,2015-08-07,09:36:00,0.0
577,2015-08-07,09:37:00,0.0
578,2015-08-07,09:38:00,0.0
579,2015-08-07,09:39:00,0.00606458261609
580,2015-08-07,09:40:00,0.00606458261609
581,2015-08-07,09:41:00,0.00227421848103
582,2015-08-07,09:42:00,0.0
583,2015-08-07,09:43:00,0.0
584,2015-08-07,09:44:00,0.0106130195782
585,2015-08-07,09:45:00,0.00530650978908
586,2015-08-07,09:46:00,0.00909687392414
587,2015-08-07,09:47:00,0.0
588,2015-08-07,09:48:00,0.0
589,2015-08-07,09:49:00,0.0
590,2015-08-07,09:50:00,0.0
591,2015-08-07,09:51:00,0.0
592,2015-08-07,09:52:00,0.0
593,2015-08-07,09:53:00,0.0
594,2015-08-07,09:54:00,0.0
595,2015-08-07,09:55:00,0.0
596,2015-08-07,09:56:00,0.0
597,2015-08-07,09:57:00,0.0
598,2015-08-07,09:58:00,0.0
599,2015-08-07,09:59:00,0.0
600,2015-08-07,10:00:00,0.0
601,2015-08-07,10:01:00,0.0
602,2015-08-07,10:02:00,0.0
603,2015-08-07,10:03:00,0.0
604,2015-08-07,10:04:00,0.0
605,2015-08-07,10:05:00,0.0
606,2015-08-07,10:06:00,0.0
607,2015-08-07,10:07:00,0.0
608,2015-08-07,10:08:00,0.0
609,2015-08-07,10:09:00,0.0
610,2015-08-07,10:10:00,0.0
611,2015-08-07,10:11:00,0.0
612,2015-08-07,10:12:00,0.0
613,2015-08-07,10:13:00,0.0
614,2015-08-07,10:14:00,0.0
615,2015-08-07,10:15:00,0.0
616,2015-08-07,10:16:00,0.0
617,2015-08-07,10:17:00,0.0
618,2015-08-07,10:18:00,0.0
619,2015-08-07,10:19:00,0.0
620,2015-08-07,10:20:00,0.0
621,2015-08-07,10:21:00,0.0
622,2015-08-07,10:22:00,0.0
623,2015-08-07,10:23:00,0.0
624,2015-08-07,10:24:00,0.0
625,2015-08-07,10:25:00,0.0109920566902
626,2015-08-07,10:26:00,0.0
627,2015-08-07,10:27:00,0.0
628,2015-08-07,10:28:00,0.0
629,2015-08-07,10:29:00,0.0
630,2015-08-07,10:30:00,0.0
631,2015-08-07,10:31:00,0.0
632,2015-08-07,10:32:00,0.0
633,2015-08-07,10:33:00,0.0
634,2015-08-07,10:34:00,0.0
635,2015-08-07,10:35:00,0.0
636,2015-08-07,10:36:00,0.0
637,2015-08-07,10:37:00,0.0
638,2015-08-07,10:38:00,0.0
639,2015-08-07,10:39:00,0.0
640,2015-08-07,10:40:00,0.0
641,2015-08-07,10:41:00,0.0
642,2015-08-07,10:42:00,0.0
643,2015-08-07,10:43:00,0.0
644,2015-08-07,10:44:00,0.0117501290515
645,2015-08-07,10:45:00,0.0
646,2015-08-07,10:46:00,0.0
647,2015-08-07,10:47:00,0.0
648,2015-08-07,10:48:00,0.0
649,2015-08-07,10:49:00,0.0
650,2015-08-07,10:50:00,0.0
651,2015-08-07,10:51:00,0.0
652,2015-08-07,10:52:00,0.0
653,2015-08-07,10:53:00,0.0
654,2015-08-07,10:54:00,0.0
655,2015-08-07,10:55:00,0.0
656,2015-08-07,10:56:00,0.0
657,2015-08-07,10:57:00,0.0
658,2015-08-07,10:58:00,0.0
659,2015-08-07,10:59:00,0.0
660,2015-08-07,11:00:00,0.0
661,2015-08-07,11:01:00,0.0
662,2015-08-07,11:02:00,0.0
663,2015-08-07,11:03:00,0.0
664,2015-08-07,11:04:00,0.0
665,2015-08-07,11:05:00,0.0
666,2015-08-07,11:06:00,0.0
667,2015-08-07,11:07:00,0.0
668,2015-08-07,11:08:00,0.0
669,2015-08-07,11:09:00,0.0
670,2015-08-07,11:10:00,0.0
671,2015-08-07,11:11:00,0.0
672,2015-08-07,11:12:00,0.0
673,2015-08-07,11:13:00,0.0
674,2015-08-07,11:14:00,0.0
675,2015-08-07,11:15:00,0.0
676,2015-08-07,11:16:00,0.0
677,2015-08-07,11:17:00,0.0
678,2015-08-07,11:18:00,0.0
679,2015-08-07,11:19:00,0.0
680,2015-08-07,11:20:00,0.0
681,2015-08-07,11:21:00,0.0
682,2015-08-07,11:22:00,0.0147824203596
683,2015-08-07,11:23:00,0.0
684,2015-08-07,11:24:00,0.00303229130805
685,2015-08-07,11:25:00,0.0159195307642
686,2015-08-07,11:26:00,0.00644361926243
687,2015-08-07,11:27:00,0.0
688,2015-08-07,11:28:00,0.0
689,2015-08-07,11:29:00,0.0
690,2015-08-07,11:30:00,0.0
691,2015-08-07,11:31:00,0.0
692,2015-08-07,11:32:00,0.0
693,2015-08-07,11:33:00,0.0
694,2015-08-07,11:34:00,0.0
695,2015-08-07,11:35:00,0.0
696,2015-08-07,11:36:00,0.0
697,2015-08-07,11:37:00,0.0
698,2015-08-07,11:38:00,0.0
699,2015-08-07,11:39:00,0.0
700,2015-08-07,11:40:00,0.0
701,2015-08-07,11:41:00,0.0
702,2015-08-07,11:42:00,0.0
703,2015-08-07,11:43:00,0.0
704,2015-08-07,11:44:00,0.0
705,2015-08-07,11:45:00,0.0
706,2015-08-07,11:46:00,0.0
707,2015-08-07,11:47:00,0.0
708,2015-08-07,11:48:00,0.0
709,2015-08-07,11:49:00,0.0
710,2015-08-07,11:50:00,0.0
711,2015-08-07,11:51:00,0.0
712,2015-08-07,11:52:00,0.0
713,2015-08-07,11:53:00,0.0
714,2015-08-07,11:54:00,0.0
715,2015-08-07,11:55:00,0.0
716,2015-08-07,11:56:00,0.0
717,2015-08-07,11:57:00,0.0
718,2015-08-07,11:58:00,0.0
719,2015-08-07,11:59:00,0.0
720,2015-08-07,12:00:00,0.0
721,2015-08-07,12:01:00,0.0
722,2015-08-07,12:02:00,0.0
723,2015-08-07,12:03:00,0.0
724,2015-08-07,12:04:00,0.0
725,2015-08-07,12:05:00,0.0
726,2015-08-07,12:06:00,0.0
727,2015-08-07,12:07:00,0.0
728,2015-08-07,12:08:00,0.0
729,2015-08-07,12:09:00,0.0
730,2015-08-07,12:10:00,0.0
731,2015-08-07,12:11:00,0.0
732,2015-08-07,12:12:00,0.0
733,2015-08-07,12:13:00,0.0
734,2015-08-07,12:14:00,0.0
735,2015-08-07,12:15:00,0.0
736,2015-08-07,12:16:00,0.0
737,2015-08-07,12:17:00,0.0
738,2015-08-07,12:18:00,0.0
739,2015-08-07,12:19:00,0.0
740,2015-08-07,12:20:00,0.0
741,2015-08-07,12:21:00,0.0
742,2015-08-07,12:22:00,0.0
743,2015-08-07,12:23:00,0.0
744,2015-08-07,12:24:00,0.0
745,2015-08-07,12:25:00,0.0
746,2015-08-07,12:26:00,0.0
747,2015-08-07,12:27:00,0.0
748,2015-08-07,12:28:00,0.0
749,2015-08-07,12:29:00,0.0
750,2015-08-07,12:30:00,0.0
751,2015-08-07,12:31:00,0.0
752,2015-08-07,12:32:00,0.0
753,2015-08-07,12:33:00,0.0
754,2015-08-07,12:34:00,0.0
755,2015-08-07,12:35:00,0.0
756,2015-08-07,12:36:00,0.0
757,2015-08-07,12:37:00,0.0
758,2015-08-07,12:38:00,0.0
759,2015-08-07,12:39:00,0.0
760,2015-08-07,12:40:00,0.0
761,2015-08-07,12:41:00,0.0
762,2015-08-07,12:42:00,0.0
763,2015-08-07,12:43:00,0.0
764,2015-08-07,12:44:00,0.0
765,2015-08-07,12:45:00,0.0
766,2015-08-07,12:46:00,0.0
767,2015-08-07,12:47:00,0.0
768,2015-08-07,12:48:00,0.0
769,2015-08-07,12:49:00,0.0
770,2015-08-07,12:50:00,0.0
771,2015-08-07,12:51:00,0.0
772,2015-08-07,12:52:00,0.0
773,2015-08-07,12:53:00,0.0
774,2015-08-07,12:54:00,0.0
775,2015-08-07,12:55:00,0.0
776,2015-08-07,12:56:00,0.0
777,2015-08-07,12:57:00,0.0
778,2015-08-07,12:58:00,0.0
779,2015-08-07,12:59:00,0.0
780,2015-08-07,13:00:00,0.0
781,2015-08-07,13:01:00,0.0
782,2015-08-07,13:02:00,0.0
783,2015-08-07,13:03:00,0.0
784,2015-08-07,13:04:00,0.00416940078139
785,2015-08-07,13:05:00,0.0113710928708
786,2015-08-07,13:06:00,0.00568554643542
787,2015-08-07,13:07:00,0.0
788,2015-08-07,13:08:00,0.0
789,2015-08-07,13:09:00,0.0
790,2015-08-07,13:10:00,0.0
791,2015-08-07,13:11:00,0.0
792,2015-08-07,13:12:00,0.0
793,2015-08-07,13:13:00,0.0117501290515
794,2015-08-07,13:14:00,0.0
795,2015-08-07,13:15:00,0.0
796,2015-08-07,13:16:00,0.0106130195782
797,2015-08-07,13:17:00,0.0
798,2015-08-07,13:18:00,0.0
799,2015-08-07,13:19:00,0.0
800,2015-08-07,13:20:00,0.00833880156279
801,2015-08-07,13:21:00,0.0128872385249
802,2015-08-07,13:22:00,0.0
803,2015-08-07,13:23:00,0.0
804,2015-08-07,13:24:00,0.0
805,2015-08-07,13:25:00,0.00227421848103
806,2015-08-07,13:26:00,0.0
807,2015-08-07,13:27:00,0.0
808,2015-08-07,13:28:00,0.0
809,2015-08-07,13:29:00,0.0
810,2015-08-07,13:30:00,0.00227421848103
811,2015-08-07,13:31:00,0.0
812,2015-08-07,13:32:00,0.0
813,2015-08-07,13:33:00,0.0
814,2015-08-07,13:34:00,0.0
815,2015-08-07,13:35:00,0.0
816,2015-08-07,13:36:00,0.0
817,2015-08-07,13:37:00,0.0
818,2015-08-07,13:38:00,0.0
819,2015-08-07,13:39:00,0.00795976538211
820,2015-08-07,13:40:00,0.0
821,2015-08-07,13:41:00,0.0
822,2015-08-07,13:42:00,0.0
823,2015-08-07,13:43:00,0.0
824,2015-08-07,13:44:00,0.0
825,2015-08-07,13:45:00,0.0
826,2015-08-07,13:46:00,0.0
827,2015-08-07,13:47:00,0.00303229130805
828,2015-08-07,13:48:00,0.0
829,2015-08-07,13:49:00,0.00379036436789
830,2015-08-07,13:50:00,0.00644361926243
831,2015-08-07,13:51:00,0.0
832,2015-08-07,13:52:00,0.0
833,2015-08-07,13:53:00,0.00530650978908
834,2015-08-07,13:54:00,0.00189518218394
835,2015-08-07,13:55:00,0.0155404936522
836,2015-08-07,13:56:00,0.0
837,2015-08-07,13:57:00,0.0
838,2015-08-07,13:58:00,0.0049274736084
839,2015-08-07,13:59:00,0.0
840,2015-08-07,14:00:00,0.0
841,2015-08-07,14:01:00,0.00682265590876
842,2015-08-07,14:02:00,0.0
843,2015-08-07,14:03:00,0.0
844,2015-08-07,14:04:00,0.0
845,2015-08-07,14:05:00,0.0
846,2015-08-07,14:06:00,0.0
847,2015-08-07,14:07:00,0.0
848,2015-08-07,14:08:00,0.0
849,2015-08-07,14:09:00,0.0
850,2015-08-07,14:10:00,0.0
851,2015-08-07,14:11:00,0.00341132795438
852,2015-08-07,14:12:00,0.0
853,2015-08-07,14:13:00,0.0
854,2015-08-07,14:14:00,0.0
855,2015-08-07,14:15:00,0.0
856,2015-08-07,14:16:00,0.00682265590876
857,2015-08-07,14:17:00,0.0
858,2015-08-07,14:18:00,0.00682265590876
859,2015-08-07,14:19:00,0.0
860,2015-08-07,14:20:00,0.0
861,2015-08-07,14:21:00,0.00379036436789
862,2015-08-07,14:22:00,0.0
863,2015-08-07,14:23:00,0.0147824203596
864,2015-08-07,14:24:00,0.0
865,2015-08-07,14:25:00,0.0
866,2015-08-07,14:26:00,0.00379036436789
867,2015-08-07,14:27:00,0.00341132795438
868,2015-08-07,14:28:00,0.0
869,2015-08-07,14:29:00,0.00833880156279
870,2015-08-07,14:30:00,0.0
871,2015-08-07,14:31:00,0.00909687392414
872,2015-08-07,14:32:00,0.00568554643542
873,2015-08-07,14:33:00,0.00265325489454
874,2015-08-07,14:34:00,0.00530650978908
875,2015-08-07,14:35:00,0.00341132795438
876,2015-08-07,14:36:00,0.00606458261609
877,2015-08-07,14:37:00,0.0049274736084
878,2015-08-07,14:38:00,0.0
879,2015-08-07,14:39:00,0.0
880,2015-08-07,14:40:00,0.0
881,2015-08-07,14:41:00,0.0
882,2015-08-07,14:42:00,0.0
883,2015-08-07,14:43:00,0.0
884,2015-08-07,14:44:00,0.0
885,2015-08-07,14:45:00,0.00606458261609
886,2015-08-07,14:46:00,0.00416940078139
887,2015-08-07,14:47:00,0.0
888,2015-08-07,14:48:00,0.0
889,2015-08-07,14:49:00,0.00682265590876
890,2015-08-07,14:50:00,0.0
891,2015-08-07,14:51:00,0.0
892,2015-08-07,14:52:00,0.0
893,2015-08-07,14:53:00,0.00341132795438
894,2015-08-07,14:54:00,0.0049274736084
895,2015-08-07,14:55:00,0.00758072873577
896,2015-08-07,14:56:00,0.0
897,2015-08-07,14:57:00,0.0
898,2015-08-07,14:58:00,0.00530650978908
899,2015-08-07,14:59:00,0.0
900,2015-08-07,15:00:00,0.00227421848103
901,2015-08-07,15:01:00,0.00379036436789
902,2015-08-07,15:02:00,0.00113710924052
903,2015-08-07,15:03:00,0.0
904,2015-08-07,15:04:00,0.0
905,2015-08-07,15:05:00,0.0
906,2015-08-07,15:06:00,0.0
907,2015-08-07,15:07:00,0.0
908,2015-08-07,15:08:00,0.0
909,2015-08-07,15:09:00,0.0
910,2015-08-07,15:10:00,0.0
911,2015-08-07,15:11:00,0.0
912,2015-08-07,15:12:00,0.0
913,2015-08-07,15:13:00,0.0
914,2015-08-07,15:14:00,0.0
915,2015-08-07,15:15:00,0.0
916,2015-08-07,15:16:00,0.0
917,2015-08-07,15:17:00,0.0
918,2015-08-07,15:18:00,0.00303229130805
919,2015-08-07,15:19:00,0.0
920,2015-08-07,15:20:00,0.0
921,2015-08-07,15:21:00,0.0
922,2015-08-07,15:22:00,0.0
923,2015-08-07,15:23:00,0.0
924,2015-08-07,15:24:00,0.0
925,2015-08-07,15:25:00,0.0
926,2015-08-07,15:26:00,0.0
927,2015-08-07,15:27:00,0.00416940078139
928,2015-08-07,15:28:00,0.0
929,2015-08-07,15:29:00,0.0
930,2015-08-07,15:30:00,0.0
931,2015-08-07,15:31:00,0.0
932,2015-08-07,15:32:00,0.0
933,2015-08-07,15:33:00,0.00265325489454
934,2015-08-07,15:34:00,0.00606458261609
935,2015-08-07,15:35:00,0.0
936,2015-08-07,15:36:00,0.0106130195782
937,2015-08-07,15:37:00,0.00379036436789
938,2015-08-07,15:38:00,0.0
939,2015-08-07,15:39:00,0.0
940,2015-08-07,15:40:00,0.00416940078139
941,2015-08-07,15:41:00,0.00758072873577
942,2015-08-07,15:42:00,0.0
943,2015-08-07,15:43:00,0.0
944,2015-08-07,15:44:00,0.0
945,2015-08-07,15:45:00,0.0
946,2015-08-07,15:46:00,0.0
947,2015-08-07,15:47:00,0.0
948,2015-08-07,15:48:00,0.0
949,2015-08-07,15:49:00,0.0
950,2015-08-07,15:50:00,0.0
951,2015-08-07,15:51:00,0.0
952,2015-08-07,15:52:00,0.0
953,2015-08-07,15:53:00,0.0
954,2015-08-07,15:54:00,0.0
955,2015-08-07,15:55:00,0.0
956,2015-08-07,15:56:00,0.0
957,2015-08-07,15:57:00,0.0
958,2015-08-07,15:58:00,0.0
959,2015-08-07,15:59:00,0.0
960,2015-08-07,16:00:00,0.0
961,2015-08-07,16:01:00,0.0
962,2015-08-07,16:02:00,0.0
963,2015-08-07,16:03:00,0.0
964,2015-08-07,16:04:00,0.0
965,2015-08-07,16:05:00,0.0
966,2015-08-07,16:06:00,0.0
967,2015-08-07,16:07:00,0.0
968,2015-08-07,16:08:00,0.0
969,2015-08-07,16:09:00,0.0
970,2015-08-07,16:10:00,0.0
971,2015-08-07,16:11:00,0.0
972,2015-08-07,16:12:00,0.0
973,2015-08-07,16:13:00,0.0
974,2015-08-07,16:14:00,0.0
975,2015-08-07,16:15:00,0.00341132795438
976,2015-08-07,16:16:00,0.0
977,2015-08-07,16:17:00,0.00530650978908
978,2015-08-07,16:18:00,0.00416940078139
979,2015-08-07,16:19:00,0.00606458261609
980,2015-08-07,16:20:00,0.0
981,2015-08-07,16:21:00,0.00758072873577
982,2015-08-07,16:22:00,0.0
983,2015-08-07,16:23:00,0.0
984,2015-08-07,16:24:00,0.00416940078139
985,2015-08-07,16:25:00,0.0
986,2015-08-07,16:26:00,0.0
987,2015-08-07,16:27:00,0.0
988,2015-08-07,16:28:00,0.0
989,2015-08-07,16:29:00,0.00341132795438
990,2015-08-07,16:30:00,0.00341132795438
991,2015-08-07,16:31:00,0.00265325489454
992,2015-08-07,16:32:00,0.00530650978908
993,2015-08-07,16:33:00,0.0
994,2015-08-07,16:34:00,0.0
995,2015-08-07,16:35:00,0.0
996,2015-08-07,16:36:00,0.0
997,2015-08-07,16:37:00,0.0
998,2015-08-07,16:38:00,0.0
999,2015-08-07,16:39:00,0.0
1000,2015-08-07,16:40:00,0.0
1001,2015-08-07,16:41:00,0.0
1002,2015-08-07,16:42:00,0.0
1003,2015-08-07,16:43:00,0.0
1004,2015-08-07,16:44:00,0.0
1005,2015-08-07,16:45:00,0.0
1006,2015-08-07,16:46:00,0.0
1007,2015-08-07,16:47:00,0.0
1008,2015-08-07,16:48:00,0.0125082023442
1009,2015-08-07,16:49:00,0.00530650978908
1010,2015-08-07,16:50:00,0.0
1011,2015-08-07,16:51:00,0.0
1012,2015-08-07,16:52:00,0.0
1013,2015-08-07,16:53:00,0.0
1014,2015-08-07,16:54:00,0.0
1015,2015-08-07,16:55:00,0.0
1016,2015-08-07,16:56:00,0.0
1017,2015-08-07,16:57:00,0.0
1018,2015-08-07,16:58:00,0.0
1019,2015-08-07,16:59:00,0.0
1020,2015-08-07,17:00:00,0.0
1021,2015-08-07,17:01:00,0.0049274736084
1022,2015-08-07,17:02:00,0.00303229130805
1023,2015-08-07,17:03:00,0.0
1024,2015-08-07,17:04:00,0.0
1025,2015-08-07,17:05:00,0.0
1026,2015-08-07,17:06:00,0.0
1027,2015-08-07,17:07:00,0.0
1028,2015-08-07,17:08:00,0.0
1029,2015-08-07,17:09:00,0.0
1030,2015-08-07,17:10:00,0.0
1031,2015-08-07,17:11:00,0.0
1032,2015-08-07,17:12:00,0.0
1033,2015-08-07,17:13:00,0.0
1034,2015-08-07,17:14:00,0.0
1035,2015-08-07,17:15:00,0.0
1036,2015-08-07,17:16:00,0.0
1037,2015-08-07,17:17:00,0.0
1038,2015-08-07,17:18:00,0.0
1039,2015-08-07,17:19:00,0.0
1040,2015-08-07,17:20:00,0.0
1041,2015-08-07,17:21:00,0.0
1042,2015-08-07,17:22:00,0.0
1043,2015-08-07,17:23:00,0.0
1044,2015-08-07,17:24:00,0.0
1045,2015-08-07,17:25:00,0.0
1046,2015-08-07,17:26:00,0.0
1047,2015-08-07,17:27:00,0.0
1048,2015-08-07,17:28:00,0.0
1049,2015-08-07,17:29:00,0.0
1050,2015-08-07,17:30:00,0.0
1051,2015-08-07,17:31:00,0.0
1052,2015-08-07,17:32:00,0.0
1053,2015-08-07,17:33:00,0.0
1054,2015-08-07,17:34:00,0.0
1055,2015-08-07,17:35:00,0.0
1056,2015-08-07,17:36:00,0.0
1057,2015-08-07,17:37:00,0.00644361926243
1058,2015-08-07,17:38:00,0.00871783774346
1059,2015-08-07,17:39:00,0.00795976538211
1060,2015-08-07,17:40:00,0.00454843696207
1061,2015-08-07,17:41:00,0.0121291652322
1062,2015-08-07,17:42:00,0.0
1063,2015-08-07,17:43:00,0.0
1064,2015-08-07,17:44:00,0.00985494721681
1065,2015-08-07,17:45:00,0.0155404936522
1066,2015-08-07,17:46:00,0.0121291652322
1067,2015-08-07,17:47:00,0.00416940078139
1068,2015-08-07,17:48:00,0.0109920566902
1069,2015-08-07,17:49:00,0.0113710928708
1070,2015-08-07,17:50:00,0.00682265590876
1071,2015-08-07,17:51:00,0.0140243479982
1072,2015-08-07,17:52:00,0.00795976538211
1073,2015-08-07,17:53:00,0.00644361926243
1074,2015-08-07,17:54:00,0.00871783774346
1075,2015-08-07,17:55:00,0.0
1076,2015-08-07,17:56:00,0.00795976538211
1077,2015-08-07,17:57:00,0.00454843696207
1078,2015-08-07,17:58:00,0.00682265590876
1079,2015-08-07,17:59:00,0.00758072873577
1080,2015-08-07,18:00:00,0.0128872385249
1081,2015-08-07,18:01:00,0.00795976538211
1082,2015-08-07,18:02:00,0.00606458261609
1083,2015-08-07,18:03:00,0.00341132795438
1084,2015-08-07,18:04:00,0.00606458261609
1085,2015-08-07,18:05:00,0.00303229130805
1086,2015-08-07,18:06:00,0.00379036436789
1087,2015-08-07,18:07:00,0.00833880156279
1088,2015-08-07,18:08:00,0.00871783774346
1089,2015-08-07,18:09:00,0.00227421848103
1090,2015-08-07,18:10:00,0.0193308573216
1091,2015-08-07,18:11:00,0.0
1092,2015-08-07,18:12:00,0.0140243479982
1093,2015-08-07,18:13:00,0.0121291652322
1094,2015-08-07,18:14:00,0.0049274736084
1095,2015-08-07,18:15:00,0.0
1096,2015-08-07,18:16:00,0.00530650978908
1097,2015-08-07,18:17:00,0.00758072873577
1098,2015-08-07,18:18:00,0.0
1099,2015-08-07,18:19:00,0.0
1100,2015-08-07,18:20:00,0.0174356754869
1101,2015-08-07,18:21:00,0.0174356754869
1102,2015-08-07,18:22:00,0.0117501290515
1103,2015-08-07,18:23:00,0.0106130195782
1104,2015-08-07,18:24:00,0.0
1105,2015-08-07,18:25:00,0.0
1106,2015-08-07,18:26:00,0.0
1107,2015-08-07,18:27:00,0.0
1108,2015-08-07,18:28:00,0.0
1109,2015-08-07,18:29:00,0.0219841133803
1110,2015-08-07,18:30:00,0.00720169208944
1111,2015-08-07,18:31:00,0.00909687392414
1112,2015-08-07,18:32:00,0.0
1113,2015-08-07,18:33:00,0.0121291652322
1114,2015-08-07,18:34:00,0.00568554643542
1115,2015-08-07,18:35:00,0.0
1116,2015-08-07,18:36:00,0.0
1117,2015-08-07,18:37:00,0.0
1118,2015-08-07,18:38:00,0.0
1119,2015-08-07,18:39:00,0.0128872385249
1120,2015-08-07,18:40:00,0.0
1121,2015-08-07,18:41:00,0.0
1122,2015-08-07,18:42:00,0.0
1123,2015-08-07,18:43:00,0.0
1124,2015-08-07,18:44:00,0.0
1125,2015-08-07,18:45:00,0.0162985660136
1126,2015-08-07,18:46:00,0.0
1127,2015-08-07,18:47:00,0.0
1128,2015-08-07,18:48:00,0.0
1129,2015-08-07,18:49:00,0.00416940078139
1130,2015-08-07,18:50:00,0.00833880156279
1131,2015-08-07,18:51:00,0.0147824203596
1132,2015-08-07,18:52:00,0.00644361926243
1133,2015-08-07,18:53:00,0.0
1134,2015-08-07,18:54:00,0.0
1135,2015-08-07,18:55:00,0.0
1136,2015-08-07,18:56:00,0.00303229130805
1137,2015-08-07,18:57:00,0.00454843696207
1138,2015-08-07,18:58:00,0.0
1139,2015-08-07,18:59:00,0.0
1140,2015-08-07,19:00:00,0.0
1141,2015-08-07,19:01:00,0.0
1142,2015-08-07,19:02:00,0.0
1143,2015-08-07,19:03:00,0.00833880156279
1144,2015-08-07,19:04:00,0.0
1145,2015-08-07,19:05:00,0.0
1146,2015-08-07,19:06:00,0.0
1147,2015-08-07,19:07:00,0.0
1148,2015-08-07,19:08:00,0.0
1149,2015-08-07,19:09:00,0.0
1150,2015-08-07,19:10:00,0.0
1151,2015-08-07,19:11:00,0.0
1152,2015-08-07,19:12:00,0.0
1153,2015-08-07,19:13:00,0.0
1154,2015-08-07,19:14:00,0.0
1155,2015-08-07,19:15:00,0.0
1156,2015-08-07,19:16:00,0.0
1157,2015-08-07,19:17:00,0.0
1158,2015-08-07,19:18:00,0.0
1159,2015-08-07,19:19:00,0.0
1160,2015-08-07,19:20:00,0.0
1161,2015-08-07,19:21:00,0.0
1162,2015-08-07,19:22:00,0.0
1163,2015-08-07,19:23:00,0.0
1164,2015-08-07,19:24:00,0.0
1165,2015-08-07,19:25:00,0.0
1166,2015-08-07,19:26:00,0.0
1167,2015-08-07,19:27:00,0.0
1168,2015-08-07,19:28:00,0.0
1169,2015-08-07,19:29:00,0.0
1170,2015-08-07,19:30:00,0.0102339833975
1171,2015-08-07,19:31:00,0.00682265590876
1172,2015-08-07,19:32:00,0.0
1173,2015-08-07,19:33:00,0.0
1174,2015-08-07,19:34:00,0.0
1175,2015-08-07,19:35:00,0.0
1176,2015-08-07,19:36:00,0.0
1177,2015-08-07,19:37:00,0.0
1178,2015-08-07,19:38:00,0.0
1179,2015-08-07,19:39:00,0.0
1180,2015-08-07,19:40:00,0.0
1181,2015-08-07,19:41:00,0.0
1182,2015-08-07,19:42:00,0.0
1183,2015-08-07,19:43:00,0.0144033841789
1184,2015-08-07,19:44:00,0.00909687392414
1185,2015-08-07,19:45:00,0.0
1186,2015-08-07,19:46:00,0.0
1187,2015-08-07,19:47:00,0.0
1188,2015-08-07,19:48:00,0.0
1189,2015-08-07,19:49:00,0.0
1190,2015-08-07,19:50:00,0.0
1191,2015-08-07,19:51:00,0.0
1192,2015-08-07,19:52:00,0.0
1193,2015-08-07,19:53:00,0.00303229130805
1194,2015-08-07,19:54:00,0.0
1195,2015-08-07,19:55:00,0.0
1196,2015-08-07,19:56:00,0.0
1197,2015-08-07,19:57:00,0.0
1198,2015-08-07,19:58:00,0.0
1199,2015-08-07,19:59:00,0.0
1200,2015-08-07,20:00:00,0.0
1201,2015-08-07,20:01:00,0.0
1202,2015-08-07,20:02:00,0.0
1203,2015-08-07,20:03:00,0.0
1204,2015-08-07,20:04:00,0.0
1205,2015-08-07,20:05:00,0.0
1206,2015-08-07,20:06:00,0.0
1207,2015-08-07,20:07:00,0.0117501290515
1208,2015-08-07,20:08:00,0.00568554643542
1209,2015-08-07,20:09:00,0.0
1210,2015-08-07,20:10:00,0.0
1211,2015-08-07,20:11:00,0.0
1212,2015-08-07,20:12:00,0.0
1213,2015-08-07,20:13:00,0.0
1214,2015-08-07,20:14:00,0.00341132795438
1215,2015-08-07,20:15:00,0.0
1216,2015-08-07,20:16:00,0.00416940078139
1217,2015-08-07,20:17:00,0.00682265590876
1218,2015-08-07,20:18:00,0.0
1219,2015-08-07,20:19:00,0.0
1220,2015-08-07,20:20:00,0.0
1221,2015-08-07,20:21:00,0.0
1222,2015-08-07,20:22:00,0.0
1223,2015-08-07,20:23:00,0.0
1224,2015-08-07,20:24:00,0.00833880156279
1225,2015-08-07,20:25:00,0.0
1226,2015-08-07,20:26:00,0.0
1227,2015-08-07,20:27:00,0.00265325489454
1228,2015-08-07,20:28:00,0.0
1229,2015-08-07,20:29:00,0.00720169208944
1230,2015-08-07,20:30:00,0.0
1231,2015-08-07,20:31:00,0.0
1232,2015-08-07,20:32:00,0.0159195307642
1233,2015-08-07,20:33:00,0.0
1234,2015-08-07,20:34:00,0.0
1235,2015-08-07,20:35:00,0.0113710928708
1236,2015-08-07,20:36:00,0.00795976538211
1237,2015-08-07,20:37:00,0.0
1238,2015-08-07,20:38:00,0.0
1239,2015-08-07,20:39:00,0.0
1240,2015-08-07,20:40:00,0.0
1241,2015-08-07,20:41:00,0.0
1242,2015-08-07,20:42:00,0.0
1243,2015-08-07,20:43:00,0.0231212228537
1244,2015-08-07,20:44:00,0.0329761691391
1245,2015-08-07,20:45:00,0.00606458261609
1246,2015-08-07,20:46:00,0.0128872385249
1247,2015-08-07,20:47:00,0.0151614574715
1248,2015-08-07,20:48:00,0.0
1249,2015-08-07,20:49:00,0.0178147125989
1250,2015-08-07,20:50:00,0.000758072827011
1251,2015-08-07,20:51:00,0.0
1252,2015-08-07,20:52:00,0.0140243479982
1253,2015-08-07,20:53:00,0.0295648407191
1254,2015-08-07,20:54:00,0.0166776031256
1255,2015-08-07,20:55:00,0.00416940078139
1256,2015-08-07,20:56:00,0.0166776031256
1257,2015-08-07,20:57:00,0.0128872385249
1258,2015-08-07,20:58:00,0.0159195307642
1259,2015-08-07,20:59:00,0.0170566383749
1260,2015-08-07,21:00:00,0.0181937478483
1261,2015-08-07,21:01:00,0.0212260391563
1262,2015-08-07,21:02:00,0.00416940078139
1263,2015-08-07,21:03:00,0.0197098944336
1264,2015-08-07,21:04:00,0.0303229149431
1265,2015-08-07,21:05:00,0.0140243479982
1266,2015-08-07,21:06:00,0.0
1267,2015-08-07,21:07:00,0.0
1268,2015-08-07,21:08:00,0.0409359335899
1269,2015-08-07,21:09:00,0.0333552062511
1270,2015-08-07,21:10:00,0.00265325489454
1271,2015-08-07,21:11:00,0.0
1272,2015-08-07,21:12:00,0.0
1273,2015-08-07,21:13:00,0.0
1274,2015-08-07,21:14:00,0.0
1275,2015-08-07,21:15:00,0.0
1276,2015-08-07,21:16:00,0.0
1277,2015-08-07,21:17:00,0.0
1278,2015-08-07,21:18:00,0.0
1279,2015-08-07,21:19:00,0.0
1280,2015-08-07,21:20:00,0.0
1281,2015-08-07,21:21:00,0.0
1282,2015-08-07,21:22:00,0.0
1283,2015-08-07,21:23:00,0.00303229130805
1284,2015-08-07,21:24:00,0.0049274736084
1285,2015-08-07,21:25:00,0.0197098944336
1286,2015-08-07,21:26:00,0.0
1287,2015-08-07,21:27:00,0.0113710928708
1288,2015-08-07,21:28:00,0.00303229130805
1289,2015-08-07,21:29:00,0.0049274736084
1290,2015-08-07,21:30:00,0.00720169208944
1291,2015-08-07,21:31:00,0.0
1292,2015-08-07,21:32:00,0.0
1293,2015-08-07,21:33:00,0.0
1294,2015-08-07,21:34:00,0.0
1295,2015-08-07,21:35:00,0.0
1296,2015-08-07,21:36:00,0.0
1297,2015-08-07,21:37:00,0.0
1298,2015-08-07,21:38:00,0.0
1299,2015-08-07,21:39:00,0.0
1300,2015-08-07,21:40:00,0.0
1301,2015-08-07,21:41:00,0.0
1302,2015-08-07,21:42:00,0.0
1303,2015-08-07,21:43:00,0.0
1304,2015-08-07,21:44:00,0.0
1305,2015-08-07,21:45:00,0.0
1306,2015-08-07,21:46:00,0.0
1307,2015-08-07,21:47:00,0.0
1308,2015-08-07,21:48:00,0.0
1309,2015-08-07,21:49:00,0.0
1310,2015-08-07,21:50:00,0.0
1311,2015-08-07,21:51:00,0.0
1312,2015-08-07,21:52:00,0.0
1313,2015-08-07,21:53:00,0.0
1314,2015-08-07,21:54:00,0.0
1315,2015-08-07,21:55:00,0.0
1316,2015-08-07,21:56:00,0.0
1317,2015-08-07,21:57:00,0.0
1318,2015-08-07,21:58:00,0.0
1319,2015-08-07,21:59:00,0.0
1320,2015-08-07,22:00:00,0.0
1321,2015-08-07,22:01:00,0.0
1322,2015-08-07,22:02:00,0.0
1323,2015-08-07,22:03:00,0.0
1324,2015-08-07,22:04:00,0.0
1325,2015-08-07,22:05:00,0.0
1326,2015-08-07,22:06:00,0.0
1327,2015-08-07,22:07:00,0.0
1328,2015-08-07,22:08:00,0.0
1329,2015-08-07,22:09:00,0.0
1330,2015-08-07,22:10:00,0.0
1331,2015-08-07,22:11:00,0.0
1332,2015-08-07,22:12:00,0.0
1333,2015-08-07,22:13:00,0.0
1334,2015-08-07,22:14:00,0.0
1335,2015-08-07,22:15:00,0.0
1336,2015-08-07,22:16:00,0.0
1337,2015-08-07,22:17:00,0.0
1338,2015-08-07,22:18:00,0.0
1339,2015-08-07,22:19:00,0.0
1340,2015-08-07,22:20:00,0.0
1341,2015-08-07,22:21:00,0.0
1342,2015-08-07,22:22:00,0.0
1343,2015-08-07,22:23:00,0.0
1344,2015-08-07,22:24:00,0.0
1345,2015-08-07,22:25:00,0.0
1346,2015-08-07,22:26:00,0.0
1347,2015-08-07,22:27:00,0.0
1348,2015-08-07,22:28:00,0.0
1349,2015-08-07,22:29:00,0.0
1350,2015-08-07,22:30:00,0.0
1351,2015-08-07,22:31:00,0.0
1352,2015-08-07,22:32:00,0.0
1353,2015-08-07,22:33:00,0.00151614565402
1354,2015-08-07,22:34:00,0.00379036436789
1355,2015-08-07,22:35:00,0.0
1356,2015-08-07,22:36:00,0.0
1357,2015-08-07,22:37:00,0.0
1358,2015-08-07,22:38:00,0.0
1359,2015-08-07,22:39:00,0.0
1360,2015-08-07,22:40:00,0.0
1361,2015-08-07,22:41:00,0.0
1362,2015-08-07,22:42:00,0.0
1363,2015-08-07,22:43:00,0.0
1364,2015-08-07,22:44:00,0.0
1365,2015-08-07,22:45:00,0.0
1366,2015-08-07,22:46:00,0.0
1367,2015-08-07,22:47:00,0.0
1368,2015-08-07,22:48:00,0.0
1369,2015-08-07,22:49:00,0.0
1370,2015-08-07,22:50:00,0.0
1371,2015-08-07,22:51:00,0.0
1372,2015-08-07,22:52:00,0.0
1373,2015-08-07,22:53:00,0.0
1374,2015-08-07,22:54:00,0.0
1375,2015-08-07,22:55:00,0.0
1376,2015-08-07,22:56:00,0.0
1377,2015-08-07,22:57:00,0.0
1378,2015-08-07,22:58:00,0.0
1379,2015-08-07,22:59:00,0.0
1380,2015-08-07,23:00:00,0.0
1381,2015-08-07,23:01:00,0.0
1382,2015-08-07,23:02:00,0.0
1383,2015-08-07,23:03:00,0.0
1384,2015-08-07,23:04:00,0.0
1385,2015-08-07,23:05:00,0.0
1386,2015-08-07,23:06:00,0.0
1387,2015-08-07,23:07:00,0.0
1388,2015-08-07,23:08:00,0.0
1389,2015-08-07,23:09:00,0.0
1390,2015-08-07,23:10:00,0.0
1391,2015-08-07,23:11:00,0.0
1392,2015-08-07,23:12:00,0.0
1393,2015-08-07,23:13:00,0.0
1394,2015-08-07,23:14:00,0.0
1395,2015-08-07,23:15:00,0.0
1396,2015-08-07,23:16:00,0.0
1397,2015-08-07,23:17:00,0.0
1398,2015-08-07,23:18:00,0.0
1399,2015-08-07,23:19:00,0.0
1400,2015-08-07,23:20:00,0.0
1401,2015-08-07,23:21:00,0.0
1402,2015-08-07,23:22:00,0.0
1403,2015-08-07,23:23:00,0.0
1404,2015-08-07,23:24:00,0.0
1405,2015-08-07,23:25:00,0.0
1406,2015-08-07,23:26:00,0.0
1407,2015-08-07,23:27:00,0.00341132795438
1408,2015-08-07,23:28:00,0.00151614565402
1409,2015-08-07,23:29:00,0.0
1410,2015-08-07,23:30:00,0.0
1411,2015-08-07,23:31:00,0.0
1412,2015-08-07,23:32:00,0.0
1413,2015-08-07,23:33:00,0.0
1414,2015-08-07,23:34:00,0.0
1415,2015-08-07,23:35:00,0.0
1416,2015-08-07,23:36:00,0.0
1417,2015-08-07,23:37:00,0.0
1418,2015-08-07,23:38:00,0.0
1419,2015-08-07,23:39:00,0.0
1420,2015-08-07,23:40:00,0.0
1421,2015-08-07,23:41:00,0.0
1422,2015-08-07,23:42:00,0.0
1423,2015-08-07,23:43:00,0.0
1424,2015-08-07,23:44:00,0.0
1425,2015-08-07,23:45:00,0.0
1426,2015-08-07,23:46:00,0.0
1427,2015-08-07,23:47:00,0.0
1428,2015-08-07,23:48:00,0.0
1429,2015-08-07,23:49:00,0.0
1430,2015-08-07,23:50:00,0.0
1431,2015-08-07,23:51:00,0.0
1432,2015-08-07,23:52:00,0.0
1433,2015-08-07,23:53:00,0.0
1434,2015-08-07,23:54:00,0.0
1435,2015-08-07,23:55:00,0.0
1436,2015-08-07,23:56:00,0.0
1437,2015-08-07,23:57:00,0.0
1438,2015-08-07,23:58:00,0.0
1439,2015-08-07,23:59:00,0.0
